,HLA-A01:01,HLA-A02:01,HLA-A03:01,HLA-A11:01,HLA-A24:02,HLA-B07:02,HLA-B15:01,overall_mhc
8,0.6666666269302368,0.550000011920929,0.5,1.0,0.557692289352417,0.9333333969116211,0.8295454382896423,0.7818057537078857
9,0.8888888359069824,0.7648810148239136,0.865384578704834,0.7706093192100525,0.7770898342132568,0.785714328289032,0.8834586143493652,0.8217880725860596
10,0.7600000500679016,0.6779221296310425,0.9846938848495483,0.7384616136550903,0.7840909361839294,0.6363635063171387,0.7870370745658875,0.7599672675132751
11,0.6041666865348816,0.6931818127632141,0.5131579637527466,0.7476922869682312,0.7929292917251587,0.6499999761581421,0.7699999809265137,0.698605477809906
12,,,,,,,,
13,,,,,,,,
14,,,,,,,,
overall_len,0.682758629322052,0.6857890486717224,0.8032879829406738,0.7789310216903687,0.7157509326934814,0.7333332896232605,0.8135897517204285,0.7404579520225525
