,HLA-A01:01,HLA-A02:01,HLA-A03:01,HLA-A11:01,HLA-A24:02,HLA-B07:02,HLA-B15:01,overall_mhc
8,0.6388888955116272,0.42027780413627625,0.2083333432674408,1.0,0.8129922747612,0.9583333134651184,0.8229166865348816,0.6872087717056274
9,0.7555555701255798,0.7241159677505493,0.78125,0.6184607744216919,0.7992550134658813,0.7919294834136963,0.9259952902793884,0.7583673596382141
10,0.8083332777023315,0.5867266654968262,0.9478458166122437,0.7137817740440369,0.8308035135269165,0.5151785612106323,0.7087732553482056,0.6801065802574158
11,0.3313852846622467,0.5623542070388794,0.2816176414489746,0.5173259377479553,0.7746434807777405,0.771924614906311,0.9353955984115601,0.592028021812439
12,,,,,,,,
13,,,,,,,,
14,,,,,,,,
overall_len,0.5798221826553345,0.5500152707099915,0.6285977363586426,0.5965496301651001,0.7309994101524353,0.7371124029159546,0.8432676196098328,0.6576327085494995
