,HLA-A01:01,HLA-A02:01,HLA-A03:01,HLA-A11:01,HLA-A24:02,HLA-A26:01,HLA-A30:01,HLA-A33:03,HLA-A68:01,HLA-B07:02,HLA-B08:01,HLA-B15:01,HLA-B18:01,HLA-B27:05,HLA-B44:02,HLA-C01:02,overall_mhc
8,1.0,0.75,0.0,0.0,1.0,0.0,,,1.0,1.0,1.0,0.0,1.0,0.5,1.0,1.0,0.9240928888320923
9,0.577427089214325,0.6604297757148743,0.7203091979026794,0.8506198525428772,0.5731732845306396,0.9166666865348816,1.0,1.0,0.9481877088546753,0.7839809060096741,0.9236843585968018,0.800000011920929,1.0,0.9308058023452759,0.38822489976882935,1.0,0.7201664447784424
10,0.602880597114563,0.6229944825172424,0.590224027633667,0.5911580324172974,0.7030144929885864,1.0,0.0,,0.9722222089767456,0.8708333969116211,1.0,0.5,0.0,1.0,0.6400982141494751,1.0,0.5715585350990295
11,1.0,0.8997799158096313,0.786190390586853,0.8541666865348816,1.0,0.5,0.0,,1.0,,0.0,1.0,1.0,1.0,0.75,,0.8292147517204285
12,,,,,0.0,,,,,,,,,,1.0,,1.0
13,,1.0,,,,,,,1.0,,,,,,,,1.0
14,,,,,,,,,,,,,,,,,
overall_len,0.5919498801231384,0.6438266634941101,0.6644583940505981,0.7480798959732056,0.5351502895355225,0.8711110949516296,0.8333333730697632,1.0,0.9536066055297852,0.7727536559104919,0.9256736040115356,0.7589285969734192,1.0,0.9233951568603516,0.42112064361572266,1.0,0.6922896504402161
