,HLA-A01:01,HLA-A02:01,HLA-A03:01,HLA-A11:01,HLA-A24:02,HLA-A68:01,HLA-B07:02,HLA-B08:01,HLA-B27:05,HLA-B44:02,HLA-B57:01,overall_mhc
8,1.0,0.9166666865348816,1.0,1.0,1.0,1.0,1.0,1.0,0.0,1.0,,0.8281249403953552
9,1.0,0.736742377281189,0.9404761791229248,0.8148148059844971,0.7000000476837158,0.4166666567325592,1.0,0.43478256464004517,1.0,0.6111111044883728,1.0,0.7080139517784119
10,0.875,0.7603583335876465,0.8615384697914124,0.8125,0.8749999403953552,0.8888888955116272,1.0,1.0,1.0,0.7738094925880432,1.0,0.7632625102996826
11,1.0,0.5714285373687744,0.25,1.0,1.0,1.0,,,1.0,0.3333333134651184,,0.6168582439422607
12,,,,,1.0,,,,,1.0,,1.0
13,,1.0,,,,1.0,,,,,,1.0
14,,,,,,,,,,,,
overall_len,0.9711538553237915,0.7770313024520874,0.8455008864402771,0.8442028164863586,0.7999999523162842,0.8402777910232544,0.9821428656578064,0.8148148059844971,0.675000011920929,0.7037036418914795,1.0,0.7597032785415649
