,HLA-A01:01,HLA-A02:01,HLA-A03:01,HLA-A11:01,HLA-A24:02,HLA-A68:01,HLA-B07:02,HLA-B08:01,HLA-B27:05,HLA-B44:02,HLA-B57:01,overall_mhc
8,1.0,0.8333333730697632,0.0,0.0,1.0,1.0,1.0,1.0,0.5,1.0,,0.792995810508728
9,1.0,0.964998185634613,0.9812029600143433,0.9459877014160156,0.9194231033325195,0.9391554594039917,1.0,0.8766341209411621,1.0,0.5419843792915344,1.0,0.9170321226119995
10,0.9704861044883728,0.8809505105018616,0.9119125604629517,0.8474847078323364,0.9444444179534912,0.9797980189323425,1.0,1.0,1.0,0.7168110013008118,1.0,0.8458496332168579
11,1.0,0.8977585434913635,0.8041666746139526,1.0,1.0,1.0,,,1.0,0.3333333432674408,,0.8473635911941528
12,,,,,0.0,,,,,1.0,,1.0
13,,1.0,,,,1.0,,,,,,1.0
14,,,,,,,,,,,,
overall_len,0.995773434638977,0.9350179433822632,0.9152717590332031,0.9110753536224365,0.9138627648353577,0.951643168926239,0.9952380657196045,0.8831384778022766,0.953624963760376,0.5527206659317017,1.0,0.8891794085502625
