,HLA-A02:01,HLA-A03:01,HLA-A11:01,HLA-A24:02,overall_mhc
8,0.9220576286315918,1.0,1.0,1.0,0.9231626391410828
9,0.9092167019844055,0.9416474103927612,0.906116247177124,0.8480390906333923,0.9034810662269592
10,0.9132338762283325,0.9116448760032654,0.794058620929718,0.8966636657714844,0.9067883491516113
11,0.9022982716560364,0.9695876240730286,0.7952380776405334,0.7828371524810791,0.8808795213699341
12,1.0,1.0,1.0,1.0,1.0
13,1.0,1.0,1.0,1.0,1.0
14,,,,,
overall_len,0.9366577863693237,0.9575689435005188,0.9029133319854736,0.9140859246253967,0.9342561364173889
