,HLA-A01:01,HLA-A02:01,HLA-A03:01,HLA-A11:01,HLA-A24:02,HLA-A68:01,HLA-B07:02,HLA-B08:01,HLA-B27:05,HLA-B44:02,HLA-B57:01,overall_mhc
8,1.0,0.4000000059604645,0.0,0.0,1.0,0.3333333432674408,1.0,1.0,0.5,0.3333333432674408,,0.5057719945907593
9,0.8754901885986328,0.9791843295097351,0.928911566734314,0.9888888597488403,0.9387412667274475,0.9935897588729858,0.8352212905883789,0.8711269497871399,1.0,0.5299773812294006,1.0,0.910602867603302
10,0.8888888955116272,0.9151636362075806,0.6825917363166809,0.7464285492897034,0.9107142686843872,0.9765432476997375,1.0,0.3333333432674408,1.0,0.5833333134651184,1.0,0.8100219964981079
11,1.0,0.8253625631332397,0.7208333015441895,1.0,1.0,0.5,,,1.0,0.5,,0.8104180693626404
12,,,,,0.0,,,,,1.0,,0.5
13,,1.0,,,,1.0,,,,,,1.0
14,,,,,,,,,,,,
overall_len,0.8929992318153381,0.9165194034576416,0.7651864886283875,0.8307785391807556,0.8956891894340515,0.858822762966156,0.876618504524231,0.8228164911270142,0.9273340106010437,0.5406484603881836,1.0,0.8441827893257141
