,HLA-A01:01,HLA-A02:01,HLA-A03:01,HLA-A11:01,HLA-A24:02,HLA-A68:01,HLA-B07:02,HLA-B08:01,HLA-B27:05,HLA-B44:02,HLA-B57:01,overall_mhc
8,1.0,0.75,1.0,1.0,1.0,0.0,1.0,1.0,0.5,0.6666666269302368,,0.6111111044883728
9,0.46666666865348816,0.8357007503509521,0.8928571939468384,0.9629629254341125,0.7999999523162842,0.9166666865348816,0.5277777910232544,0.43478259444236755,1.0,0.5833333134651184,1.0,0.7154761552810669
10,0.75,0.8232265114784241,0.6769230961799622,0.78125,0.8333333730697632,0.8888888955116272,1.0,0.8333333134651184,1.0,0.7916666865348816,1.0,0.7579933404922485
11,1.0,0.488095223903656,0.25,1.0,1.0,0.0,,,1.0,0.8333333134651184,,0.5919539928436279
12,,,,,1.0,,,,,1.0,,0.5
13,,1.0,,,,1.0,,,,,,1.0
14,,,,,,,,,,,,
overall_len,0.6105769276618958,0.7697327136993408,0.7049335837364197,0.7735507488250732,0.8111110925674438,0.6388888955116272,0.7142857313156128,0.7092592716217041,0.637499988079071,0.701646089553833,1.0,0.7148679494857788
