,HLA-A01:01,HLA-A02:01,HLA-A03:01,HLA-A11:01,HLA-A24:02,HLA-B07:02,HLA-B15:01,overall_mhc
8,1.0,0.6374999284744263,0.5909091830253601,0.8749999403953552,0.7115384340286255,0.8833333253860474,0.6590909361839294,0.707592248916626
9,0.37037041783332825,0.8988094925880432,0.9014424085617065,0.9318996071815491,0.8544891476631165,0.8809523582458496,0.8872179985046387,0.8478520512580872
10,0.5199999809265137,0.7558441758155823,0.9081631898880005,0.9076923727989197,0.7708333134651184,0.7613636255264282,0.8074074387550354,0.7744280695915222
11,0.6145833730697632,0.6950757503509521,0.5197368860244751,0.6769230961799622,0.7702019810676575,0.8249999284744263,0.8450000882148743,0.7054656147956848
12,,,,,,,,
13,,,,,,,,
14,,,,,,,,
overall_len,0.636781632900238,0.7562399506568909,0.8052721619606018,0.8244680762290955,0.8007326126098633,0.8207407593727112,0.8274358510971069,0.7666937112808228
