,HLA-A01:01,HLA-A02:01,HLA-A03:01,HLA-A11:01,HLA-A24:02,HLA-B07:02,HLA-B15:01,overall_mhc
8,1.0,0.399365097284317,0.2666666805744171,0.7251683473587036,0.9134243726730347,0.924242377281189,0.6455544233322144,0.6337823867797852
9,0.26868686079978943,0.9021775126457214,0.904411792755127,0.8038801550865173,0.8963016271591187,0.9136577844619751,0.9141731262207031,0.7905977368354797
10,0.5600000023841858,0.6082543134689331,0.6965463161468506,0.8770232200622559,0.787615180015564,0.6708333492279053,0.6880725026130676,0.6492511630058289
11,0.3229166865348816,0.4666634202003479,0.311956524848938,0.4614343047142029,0.6639150381088257,0.9144230484962463,0.953991174697876,0.5545026659965515
12,,,,,,,,
13,,,,,,,,
14,,,,,,,,
overall_len,0.4727197587490082,0.5730449557304382,0.5784163475036621,0.6763365864753723,0.8118188381195068,0.8228938579559326,0.8093796968460083,0.649843692779541
