,HLA-A02:01,HLA-A03:01,HLA-A11:01,HLA-A24:02,overall_mhc
8,0.01065818965435028,0.0,0.0,0.0,0.006786786485463381
9,0.1823340654373169,0.22758381068706512,0.11397745460271835,0.10239280015230179,0.16403962671756744
10,0.06667455285787582,0.10104726254940033,0.014775501564145088,0.10071073472499847,0.06443844735622406
11,0.01784810610115528,0.06631578505039215,0.027977705001831055,0.00800000037997961,0.01628534309566021
12,0.0,0.0,0.0,0.0,0.0
13,0.0,0.0,0.0,0.0,0.0
14,,,,,
overall_len,0.09379587322473526,0.11147380620241165,0.05009593069553375,0.07238129526376724,0.0866694524884224
