,HLA-A01:01,HLA-A02:01,HLA-A03:01,HLA-A11:01,HLA-A24:02,HLA-A68:01,HLA-B07:02,HLA-B08:01,HLA-B15:01,HLA-B27:05,HLA-B44:02,HLA-E01:01,overall_mhc
8,,,,,,,,,,,,,
9,0.46666666865348816,0.6299851536750793,0.7263513207435608,0.9503676295280457,0.7043479084968567,,0.6292270421981812,0.43478259444236755,0.90625,0.4702380895614624,0.5833333134651184,0.5277777910232544,0.6875709295272827
10,0.75,0.8232265114784241,0.6703124642372131,0.78125,0.8051948547363281,0.8888888955116272,,,,,0.7916666865348816,,0.7551597356796265
11,,0.488095223903656,,,,,,,,,,,0.488095223903656
12,,,,,,,,,,,,,
13,,,,,,,,,,,,,
14,,,,,,,,,,,,,
overall_len,0.6086956262588501,0.67115718126297,0.7102683782577515,0.8904321193695068,0.7319819927215576,0.8888888955116272,0.6292270421981812,0.43478259444236755,0.90625,0.4702380895614624,0.6920634508132935,0.5277777910232544,0.704928994178772
