,HLA-A01:01,HLA-A02:01,HLA-A03:01,HLA-A24:02,HLA-A68:01,HLA-B07:02,HLA-B08:01,HLA-B27:05,HLA-B44:02,HLA-B57:01,HLA-C05:01,HLA-C06:02,overall_mhc
8,0.0,0.20000000298023224,0.0,0.0,0.0,0.0,0.0,0.0,0.0,,,,0.04545454680919647
9,0.0,0.09640411287546158,0.2631579041481018,0.1428571492433548,0.1428571492433548,0.1666666716337204,0.0357142873108387,0.1666666716337204,0.07692307978868484,0.20000000298023224,0.0,0.5,0.09988845139741898
10,0.2142857164144516,0.0833333358168602,0.20000000298023224,0.0,0.1428571492433548,0.0,0.0,0.0,0.0833333358168602,0.0,0.5,0.0,0.12280701845884323
11,0.0,0.0,0.25,0.0,0.0,,,0.0,0.0,,,,0.032258063554763794
12,,,,0.0,,,,,0.0,,,,0.0
13,,0.0,,,0.0,,,,,,,,0.0
14,0.0,,,,,,,,,,,,0.0
overall_len,0.06818182021379471,0.0843668282032013,0.2199999988079071,0.0625,0.125,0.10000000149011612,0.027027027681469917,0.0833333358168602,0.06451612710952759,0.1428571492433548,0.20000000298023224,0.5,0.09701268374919891
