,HLA-A01:01,HLA-A02:01,HLA-A03:01,HLA-A11:01,HLA-A24:02,HLA-A26:01,HLA-A30:01,HLA-A33:03,HLA-A68:01,HLA-B07:02,HLA-B08:01,HLA-B15:01,HLA-B18:01,HLA-B27:05,HLA-B44:02,HLA-C01:02,overall_mhc
8,1.0,0.875,1.0,1.0,1.0,1.0,,,0.0,1.0,1.0,1.0,1.0,0.5,0.6000000238418579,1.0,0.7866666913032532
9,0.7279412150382996,0.6434156894683838,0.7655389904975891,0.9189814925193787,0.6696429252624512,0.9047619104385376,0.75,1.0,0.9821428656578064,0.679751992225647,0.5477941036224365,0.9166666269302368,1.0,0.7611110806465149,0.7215909361839294,1.0,0.7137573957443237
10,0.75,0.7362557053565979,0.7146464586257935,0.8605442643165588,0.7698863744735718,1.0,1.0,,0.9166666269302368,0.9545454978942871,0.875,0.5,1.0,0.8888888955116272,0.8374999761581421,1.0,0.7615646123886108
11,1.0,0.8975694179534912,0.8666667342185974,0.8958333730697632,1.0,0.0,1.0,,0.6666666269302368,,1.0,1.0,1.0,1.0,0.8333333134651184,,0.8903661966323853
12,,,,,1.0,,,,,,,,,,1.0,,0.5
13,,1.0,,,,,,,1.0,,,,,,,,1.0
14,,,,,,,,,,,,,,,,,
overall_len,0.7432534694671631,0.7039307951927185,0.7617647647857666,0.8956820964813232,0.6995738744735718,0.7100000381469727,0.75,1.0,0.8224852085113525,0.807692289352417,0.7912279963493347,0.9196428656578064,1.0,0.7600732445716858,0.7660985589027405,1.0,0.7480952739715576
