,HLA-A01:01,HLA-A02:01,HLA-A03:01,HLA-A11:01,HLA-A24:02,HLA-A68:01,HLA-B07:02,HLA-B08:01,HLA-B15:01,HLA-B27:05,HLA-B44:02,HLA-E01:01,overall_mhc
8,,,,,,,,,,,,,
9,0.8754901885986328,0.7224302291870117,0.6794379949569702,0.9280237555503845,0.6286972165107727,,0.524632453918457,0.8711269497871399,0.7208333611488342,0.8258006572723389,0.5299773812294006,0.35952380299568176,0.7130424976348877
10,0.8888888955116272,0.9151636362075806,0.5604940056800842,0.7464285492897034,0.8089454174041748,0.9765432476997375,,,,,0.5833333134651184,,0.7731176018714905
11,,0.8253625631332397,,,,,,,,,,,0.8253625631332397
12,,,,,,,,,,,,,
13,,,,,,,,,,,,,
14,,,,,,,,,,,,,
overall_len,0.8802006244659424,0.7725058197975159,0.6426270008087158,0.8488323092460632,0.684636116027832,0.9765432476997375,0.524632453918457,0.8711269497871399,0.7208333611488342,0.8258006572723389,0.5512381196022034,0.35952380299568176,0.7320276498794556
