,HLA-A01:01,HLA-A02:01,HLA-A03:01,HLA-A24:02,HLA-A68:01,HLA-B07:02,HLA-B08:01,HLA-B27:05,HLA-B44:02,HLA-B57:01,HLA-C05:01,HLA-C06:02,overall_mhc
8,1.0,0.714285671710968,1.0,1.0,1.0,1.0,1.0,1.0,1.0,,,,0.6379310488700867
9,1.0,0.6875,0.6666666269302368,0.75,0.75,0.75,0.578125,0.7222222089767456,0.6470588445663452,0.5,1.0,0.5,0.643923282623291
10,0.5769230723381042,0.7828947305679321,0.6875,1.0,0.699999988079071,1.0,1.0,1.0,0.694444477558136,1.0,0.5,1.0,0.7326202988624573
11,1.0,1.0,0.75,1.0,1.0,,,1.0,1.0,,,,0.6511628031730652
12,,,,1.0,,,,,1.0,,,,1.0
13,,1.0,,,1.0,,,,,,,,1.0
14,1.0,,,,,,,,,,,,1.0
overall_len,0.554347813129425,0.7118362784385681,0.6803278923034668,0.7321428656578064,0.75,0.7352941036224365,0.6170212626457214,0.738095223903656,0.6704545021057129,0.5,0.6666666269302368,0.6666666269302368,0.6750671863555908
