,HLA-A01:01,HLA-A02:01,HLA-A03:01,HLA-A11:01,HLA-A24:02,HLA-A26:01,HLA-A30:01,HLA-A33:03,HLA-A68:01,HLA-B07:02,HLA-B08:01,HLA-B15:01,HLA-B18:01,HLA-B27:05,HLA-B44:02,HLA-C01:02,overall_mhc
8,1.0,0.3333333432674408,0.0,0.0,1.0,0.0,,,0.3333333432674408,1.0,1.0,0.0,1.0,0.5,0.20000000298023224,1.0,0.5073463320732117
9,0.3977471888065338,0.5206217169761658,0.586481511592865,0.8995035886764526,0.4098871350288391,0.694444477558136,0.5833333730697632,1.0,0.9952380657196045,0.5291286706924438,0.9024375081062317,0.8150793313980103,1.0,0.8714938163757324,0.31705889105796814,1.0,0.6026764512062073
10,0.30000001192092896,0.5501438975334167,0.3981984257698059,0.7066293358802795,0.641549289226532,1.0,0.0,,0.9674522876739502,0.6000000238418579,0.3333333432674408,0.5,0.0,0.9765432476997375,0.3499999940395355,1.0,0.4989900290966034
11,1.0,0.8350698351860046,0.6449999809265137,0.7928571701049805,1.0,0.3333333432674408,0.0,,0.5,,0.0,1.0,1.0,1.0,0.6666666865348816,,0.7841908931732178
12,,,,,0.0,,,,,,,,,,1.0,,0.5
13,,1.0,,,,,,,1.0,,,,,,,,1.0
14,,,,,,,,,,,,,,,,,
overall_len,0.3822401463985443,0.5414444208145142,0.5048383474349976,0.789162278175354,0.49797192215919495,0.5600000023841858,0.4166666865348816,1.0,0.8675756454467773,0.531033456325531,0.858534038066864,0.799440860748291,1.0,0.8691738843917847,0.347072035074234,1.0,0.576988697052002
