,HLA-A01:01,HLA-A02:01,HLA-A03:01,HLA-A11:01,HLA-A24:02,HLA-A68:01,HLA-B07:02,HLA-B08:01,HLA-B27:05,HLA-B44:02,HLA-B57:01,overall_mhc
8,1.0,0.8333333134651184,1.0,1.0,1.0,1.0,1.0,1.0,1.0,1.0,,0.7777777910232544
9,0.800000011920929,0.8229166269302368,1.0,0.9259259104728699,0.8999999761581421,0.6666666865348816,0.7777777910232544,0.7391303777694702,1.0,0.5972222089767456,1.0,0.809166669845581
10,0.875,0.8787185549736023,0.9230769276618958,0.8500000238418579,0.7916666269302368,0.7777777910232544,1.0,1.0,1.0,0.7857142686843872,1.0,0.8373243808746338
11,1.0,0.8095238208770752,0.25,1.0,1.0,1.0,,,1.0,1.0,,0.6130267977714539
12,,,,,1.0,,,,,1.0,,1.0
13,,0.0,,,,1.0,,,,,,0.5
14,,,,,,,,,,,,
overall_len,0.8461537957191467,0.8540880084037781,0.88994300365448,0.8188406229019165,0.8166667222976685,0.8124999403953552,0.875,0.8925926089286804,1.0,0.7304526567459106,1.0,0.8240137100219727
