,HLA-A01:01,HLA-A02:01,HLA-A03:01,HLA-A11:01,HLA-A24:02,HLA-A68:01,HLA-B07:02,HLA-B08:01,HLA-B27:05,HLA-B44:02,HLA-B57:01,overall_mhc
8,1.0,0.75,0.0,0.0,1.0,1.0,1.0,1.0,1.0,1.0,,0.7819042205810547
9,0.9698825478553772,0.9766795635223389,1.0,0.9765431880950928,0.9769230484962463,0.9707361459732056,0.953563392162323,0.9659679532051086,1.0,0.6152514219284058,1.0,0.9562671780586243
10,0.9750000238418579,0.9457975029945374,0.9556776881217957,0.857103168964386,0.8833333253860474,0.9575757384300232,1.0,1.0,1.0,0.659013569355011,1.0,0.9046003818511963
11,1.0,0.9625551700592041,0.8041666746139526,1.0,1.0,1.0,,,1.0,1.0,,0.8501429557800293
12,,,,,0.0,,,,,1.0,,1.0
13,,0.5,,,,1.0,,,,,,0.8333333730697632
14,,,,,,,,,,,,
overall_len,0.9738630652427673,0.9582487940788269,0.9512320160865784,0.8929265737533569,0.9248389601707458,0.9552786350250244,0.9675780534744263,0.9617927074432373,1.0,0.6180340051651001,1.0,0.9297452569007874
