,HLA-A01:01,HLA-A02:01,HLA-A03:01,HLA-A11:01,HLA-A24:02,HLA-A68:01,HLA-B07:02,HLA-B08:01,HLA-B27:05,HLA-B44:02,HLA-B57:01,overall_mhc
8,1.0,0.699999988079071,0.0,0.0,1.0,0.5,1.0,0.9166666269302368,1.0,0.5,,0.7685542106628418
9,0.9814987182617188,0.9805063009262085,0.9246855974197388,0.9888888597488403,0.9669230580329895,0.9935897588729858,0.9376904368400574,0.8465531468391418,1.0,0.6872023344039917,1.0,0.9446139931678772
10,0.9750000238418579,0.947880744934082,0.9404429197311401,0.9351301193237305,0.9333333969116211,0.9797980189323425,1.0,1.0,1.0,0.7365079522132874,1.0,0.896049439907074
11,1.0,0.9379168152809143,0.887499988079071,1.0,1.0,1.0,,,1.0,1.0,,0.8653139472007751
12,,,,,0.0,,,,,1.0,,1.0
13,,1.0,,,,1.0,,,,,,1.0
14,,,,,,,,,,,,
overall_len,0.9796823263168335,0.960634708404541,0.9114643335342407,0.9328130483627319,0.9278231263160706,0.979508638381958,0.9539417028427124,0.8462607860565186,1.0,0.6975590586662292,1.0,0.9212124347686768
