,HLA-A01:01,HLA-A02:01,HLA-A03:01,HLA-A11:01,HLA-A24:02,HLA-A68:01,HLA-B07:02,HLA-B08:01,HLA-B27:05,HLA-B44:02,HLA-B57:01,overall_mhc
8,1.0,0.75,1.0,1.0,1.0,0.5,1.0,0.6666666865348816,1.0,0.6666666269302368,,0.7555555701255798
9,0.8666666746139526,0.845643937587738,0.8285714983940125,0.9629629254341125,0.8666666746139526,0.9166666865348816,0.7222222089767456,0.24637679755687714,1.0,0.6527777910232544,1.0,0.7724999785423279
10,0.875,0.8764302134513855,0.9000000953674316,0.9124999642372131,0.8333333134651184,0.8888888955116272,1.0,1.0,1.0,0.8095238208770752,1.0,0.8367893099784851
11,1.0,0.6904761791229248,0.5,1.0,1.0,1.0,,,1.0,1.0,,0.6245210766792297
12,,,,,1.0,,,,,1.0,,1.0
13,,1.0,,,,1.0,,,,,,1.0
14,,,,,,,,,,,,
overall_len,0.875,0.8555031418800354,0.8500947952270508,0.8659420013427734,0.8166667222976685,0.9097222089767456,0.8392857313156128,0.7296295762062073,1.0,0.7489711046218872,1.0,0.8131942749023438
