,HLA-A01:01,HLA-A02:01,HLA-A03:01,HLA-A11:01,HLA-A24:02,HLA-A26:01,HLA-A30:01,HLA-A68:01,HLA-B07:02,HLA-B08:01,HLA-B15:01,HLA-B18:01,HLA-B27:05,HLA-B44:02,HLA-C01:02,overall_mhc
8,1.0,0.875,1.0,1.0,1.0,,,,1.0,1.0,1.0,1.0,0.0,0.9000000357627869,1.0,0.8659147620201111
9,0.811887264251709,0.6964506506919861,0.8133359551429749,0.9560185670852661,0.7083333730697632,0.9999999403953552,1.0,0.8214285373687744,0.7913222908973694,0.625,0.8958333134651184,1.0,0.8388888239860535,0.7225378751754761,1.0,0.7331446409225464
10,0.7857142686843872,0.7612452507019043,0.755050539970398,0.8401361107826233,0.7840908765792847,1.0,1.0,0.8611111044883728,0.9734848141670227,1.0,0.5,1.0,0.8888888955116272,0.908928632736206,1.0,0.7668803930282593
11,1.0,0.9114583134651184,0.9749999046325684,0.8541666269302368,1.0,,,1.0,,1.0,1.0,,0.5,0.8333333730697632,,0.8982142806053162
12,,,,,1.0,,,,,,,,,1.0,,0.0
13,,0.0,,,,,,,,,,,,,,0.0
14,,,,,,,,,,,,,,,,
overall_len,0.8242127895355225,0.7204381227493286,0.8196754455566406,0.8829700946807861,0.7367898225784302,0.9999999403953552,1.0,0.8674242496490479,0.8773209452629089,0.7763157486915588,0.8660715222358704,1.0,0.8012820482254028,0.7935605645179749,1.0,0.7546740770339966
