,HLA-A01:01,HLA-A02:01,HLA-A03:01,HLA-A11:01,HLA-A24:02,HLA-B07:02,HLA-B15:01,overall_mhc
8,0.6666666269302368,0.5875000357627869,0.5909091234207153,1.0,0.5384615659713745,0.9333333969116211,0.8181818127632141,0.7838577032089233
9,0.8888888359069824,0.7827381491661072,0.870192289352417,0.827957034111023,0.8421052694320679,0.785714328289032,0.88345867395401,0.8396291732788086
10,0.7599999904632568,0.6831168532371521,0.9897959232330322,0.7730770111083984,0.7954545021057129,0.6818181276321411,0.835185170173645,0.7750816941261292
11,0.6458333730697632,0.7159091234207153,0.4868421256542206,0.8092307448387146,0.8030303716659546,0.6999999284744263,0.8199999928474426,0.7225595116615295
12,,,,,,,,
13,,,,,,,,
14,,,,,,,,
overall_len,0.6850574612617493,0.7073268294334412,0.8112244606018066,0.8108458518981934,0.7416361570358276,0.7555556297302246,0.8320512771606445,0.7595729827880859
