,HLA-A01:01,HLA-A02:01,HLA-A03:01,HLA-A11:01,HLA-A24:02,HLA-B07:02,HLA-B15:01,overall_mhc
8,0.6388888955116272,0.43888890743255615,0.2428571581840515,1.0,0.8093158006668091,0.9583333134651184,0.8010912537574768,0.6830923557281494
9,0.7555555701255798,0.7104037404060364,0.7825727462768555,0.6663548350334167,0.8581114411354065,0.7919294834136963,0.926528811454773,0.7695595622062683
10,0.8211110830307007,0.6254374384880066,0.9682539701461792,0.7726525068283081,0.8478142023086548,0.543749988079071,0.775855541229248,0.7128533124923706
11,0.5075757503509521,0.5663496851921082,0.2769736647605896,0.5840787291526794,0.7911757826805115,0.82192462682724,0.9515360593795776,0.6262569427490234
12,,,,,,,,
13,,,,,,,,
14,,,,,,,,
overall_len,0.5757283568382263,0.5711420774459839,0.6616755127906799,0.656380832195282,0.76156085729599,0.7491422891616821,0.8626275658607483,0.6822426915168762
