,HLA-A01:01,HLA-A02:01,HLA-A03:01,HLA-A11:01,HLA-A24:02,HLA-A68:01,HLA-B07:02,HLA-B08:01,HLA-B27:05,HLA-B44:02,HLA-B57:01,overall_mhc
8,1.0,0.4166666865348816,0.0,0.0,1.0,1.0,1.0,1.0,1.0,1.0,,0.8495564460754395
9,1.0,0.9660227298736572,0.9841269254684448,0.959876537322998,0.8973596692085266,0.9252665638923645,1.0,0.8603025078773499,1.0,0.597989559173584,1.0,0.921229362487793
10,0.9526289701461792,0.9071699380874634,0.8965758085250854,0.8474847078323364,0.9444444179534912,1.0,1.0,1.0,1.0,0.6950636506080627,1.0,0.8465762138366699
11,1.0,0.8967664837837219,0.949999988079071,1.0,1.0,1.0,,,1.0,0.5,,0.8747483491897583
12,,,,,0.0,,,,,1.0,,1.0
13,,1.0,,,,1.0,,,,,,1.0
14,,,,,,,,,,,,
overall_len,0.987339198589325,0.9364327192306519,0.9251465201377869,0.8997346758842468,0.8994519114494324,0.9528408646583557,0.9952380657196045,0.867693305015564,0.989709734916687,0.6123148798942566,1.0,0.893804669380188
