,HLA-A01:01,HLA-A02:01,HLA-A03:01,HLA-A11:01,HLA-A24:02,HLA-A68:01,HLA-B07:02,HLA-B08:01,HLA-B27:05,HLA-B44:02,HLA-B57:01,overall_mhc
8,1.0,0.6666666269302368,1.0,1.0,1.0,1.0,1.0,1.0,1.0,1.0,,0.8388888835906982
9,1.0,0.7357953786849976,0.9428571462631226,0.8518518805503845,0.6666666269302368,0.3333333432674408,1.0,0.4202898144721985,1.0,0.5694444179534912,1.0,0.7089285254478455
10,0.8125,0.8032036423683167,0.8384615182876587,0.8125,0.8749999403953552,1.0,1.0,1.0,1.0,0.7738094925880432,1.0,0.7741805911064148
11,1.0,0.5714285373687744,0.75,1.0,1.0,1.0,,,1.0,0.6666666269302368,,0.6321839094161987
12,,,,,1.0,,,,,1.0,,1.0
13,,1.0,,,,1.0,,,,,,1.0
14,,,,,,,,,,,,
overall_len,0.9134615659713745,0.7776729464530945,0.8444021940231323,0.8079710006713867,0.8000000715255737,0.8611111640930176,0.9821428656578064,0.8111111521720886,0.8999999761581421,0.701646089553833,1.0,0.7640000581741333
